{
  "(339, 'mangosteen')": [
    [
      434,
      "fig",
      0.70068359375
    ],
    [
      282,
      "coconut",
      0.697265625
    ],
    [
      434,
      "fig fruit",
      0.68896484375
    ]
  ],
  "(298, 'egg tart')": [
    [
      858,
      "quiche",
      0.74853515625
    ],
    [
      416,
      "egg yolk",
      0.73974609375
    ],
    [
      770,
      "pastry",
      0.7392578125
    ]
  ],
  "(335, 'red cabbage')": [
    [
      289,
      "coleslaw",
      0.763671875
    ],
    [
      509,
      "grape",
      0.76025390625
    ],
    [
      80,
      "beef food",
      0.75341796875
    ]
  ],
  "(333, 'baozi')": [
    [
      792,
      "boy",
      0.78076171875
    ],
    [
      302,
      "biscuit",
      0.7783203125
    ],
    [
      80,
      "boeuf",
      0.7666015625
    ]
  ],
  "(342, 'pitaya')": [
    [
      44,
      "banana",
      0.78857421875
    ],
    [
      812,
      "pita",
      0.78759765625
    ],
    [
      459,
      "fin",
      0.787109375
    ]
  ],
  "(291, 'pomegranate')": [
    [
      1098,
      "tomato",
      0.79443359375
    ],
    [
      871,
      "raspberry",
      0.7861328125
    ],
    [
      1024,
      "strawberry",
      0.78271484375
    ]
  ],
  "(324, 'llama')": [
    [
      623,
      "lamb animal",
      0.80224609375
    ],
    [
      187,
      "camel",
      0.7998046875
    ],
    [
      79,
      "cow",
      0.7958984375
    ]
  ],
  "(301, 'pomelo')": [
    [
      639,
      "lemonade",
      0.8037109375
    ],
    [
      734,
      "orange fruit",
      0.80224609375
    ],
    [
      837,
      "potato",
      0.8017578125
    ]
  ],
  "(351, 'durian')": [
    [
      805,
      "pineapple",
      0.8095703125
    ],
    [
      44,
      "banana",
      0.78515625
    ],
    [
      174,
      "butter",
      0.78173828125
    ]
  ],
  "(327, 'yak')": [
    [
      79,
      "cow",
      0.810546875
    ],
    [
      1200,
      "yoke",
      0.78369140625
    ],
    [
      870,
      "ram",
      0.7822265625
    ]
  ],
  "(347, 'okra')": [
    [
      772,
      "pea",
      0.81787109375
    ],
    [
      1202,
      "zucchini",
      0.80517578125
    ],
    [
      772,
      "pea food",
      0.78857421875
    ]
  ],
  "(343, 'scallop')": [
    [
      931,
      "seashell",
      0.82177734375
    ],
    [
      842,
      "shrimp",
      0.78759765625
    ],
    [
      516,
      "grill",
      0.7744140625
    ]
  ],
  "(293, 'jellyfish')": [
    [
      489,
      "jelly",
      0.8232421875
    ],
    [
      729,
      "octopus animal",
      0.80078125
    ],
    [
      593,
      "jelly egg",
      0.798828125
    ]
  ],
  "(338, 'seal')": [
    [
      407,
      "eagle",
      0.82470703125
    ],
    [
      119,
      "reel",
      0.818359375
    ],
    [
      446,
      "fish",
      0.81640625
    ]
  ],
  "(285, 'medal')": [
    [
      27,
      "award",
      0.830078125
    ],
    [
      714,
      "necklace",
      0.8232421875
    ],
    [
      668,
      "map",
      0.81494140625
    ]
  ],
  "(229, 'crane')": [
    [
      98,
      "bird",
      0.8369140625
    ],
    [
      407,
      "eagle",
      0.81005859375
    ],
    [
      396,
      "drone",
      0.80908203125
    ]
  ],
  "(244, 'swing')": [
    [
      255,
      "slide",
      0.83984375
    ],
    [
      119,
      "reel",
      0.83349609375
    ],
    [
      1045,
      "sword",
      0.8310546875
    ]
  ],
  "(296, 'treadmill')": [
    [
      844,
      "printing machine",
      0.8408203125
    ],
    [
      896,
      "runner",
      0.8388671875
    ],
    [
      844,
      "printer",
      0.8388671875
    ]
  ],
  "(357, 'hoverboard')": [
    [
      961,
      "skateboard",
      0.8408203125
    ],
    [
      890,
      "roller skate",
      0.83251953125
    ],
    [
      891,
      "rollerblade",
      0.82861328125
    ]
  ],
  "(243, 'hurdle')": [
    [
      896,
      "runner",
      0.84130859375
    ],
    [
      329,
      "crossbar",
      0.83740234375
    ],
    [
      255,
      "slide",
      0.83740234375
    ]
  ],
  "(192, 'extension cord')": [
    [
      1154,
      "electrical outlet",
      0.84375
    ],
    [
      1154,
      "electric receptacle",
      0.83984375
    ],
    [
      1154,
      "electric outlet",
      0.8310546875
    ]
  ],
  "(210, 'mango')": [
    [
      792,
      "man",
      0.84814453125
    ],
    [
      44,
      "banana",
      0.83544921875
    ],
    [
      1053,
      "taco",
      0.83056640625
    ]
  ],
  "(287, 'antelope')": [
    [
      358,
      "deer",
      0.84912109375
    ],
    [
      488,
      "gazelle",
      0.83203125
    ],
    [
      422,
      "moose",
      0.81103515625
    ]
  ],
  "(121, 'tent')": [
    [
      1063,
      "tarp",
      0.85546875
    ],
    [
      28,
      "awning",
      0.84912109375
    ],
    [
      190,
      "camper",
      0.837890625
    ]
  ],
  "(250, 'french fries')": [
    [
      322,
      "french pancake",
      0.85791015625
    ],
    [
      471,
      "french toast",
      0.85400390625
    ],
    [
      245,
      "potato chip",
      0.84765625
    ]
  ],
  "(232, 'cello')": [
    [
      1144,
      "violin",
      0.85888671875
    ],
    [
      1144,
      "fiddle",
      0.79833984375
    ],
    [
      883,
      "rifle",
      0.79248046875
    ]
  ],
  "(166, 'skating and skiing shoes')": [
    [
      964,
      "ski boot",
      0.8603515625
    ],
    [
      947,
      "sneaker type of shoe",
      0.84765625
    ],
    [
      16,
      "arctic type of shoe",
      0.84521484375
    ]
  ],
  "(87, 'nightstand')": [
    [
      394,
      "dresser",
      0.86376953125
    ],
    [
      360,
      "desk",
      0.861328125
    ],
    [
      1158,
      "washstand",
      0.84521484375
    ]
  ],
  "(361, 'chainsaw')": [
    [
      540,
      "handsaw",
      0.8681640625
    ],
    [
      252,
      "chopping block",
      0.8505859375
    ],
    [
      235,
      "chap",
      0.8486328125
    ]
  ],
  "(112, 'trolley')": [
    [
      218,
      "cart",
      0.869140625
    ],
    [
      1114,
      "train",
      0.86572265625
    ],
    [
      949,
      "shopping cart",
      0.85693359375
    ]
  ],
  "(289, 'rickshaw')": [
    [
      1119,
      "tricycle",
      0.869140625
    ],
    [
      536,
      "pushcart",
      0.86767578125
    ],
    [
      215,
      "horse carriage",
      0.85546875
    ]
  ],
  "(340, 'comb')": [
    [
      523,
      "hairbrush",
      0.87158203125
    ],
    [
      614,
      "knife",
      0.84716796875
    ],
    [
      438,
      "file",
      0.84423828125
    ]
  ],
  "(133, 'toiletries')": [
    [
      1096,
      "toilet",
      0.87353515625
    ],
    [
      1097,
      "bathroom tissue",
      0.8671875
    ],
    [
      1097,
      "toilet tissue",
      0.8671875
    ]
  ],
  "(131, 'computer box')": [
    [
      142,
      "box",
      0.8759765625
    ],
    [
      630,
      "notebook computer",
      0.8505859375
    ],
    [
      630,
      "laptop computer",
      0.8505859375
    ]
  ],
  "(305, 'crosswalk sign')": [
    [
      1025,
      "street sign",
      0.87744140625
    ],
    [
      1018,
      "stop sign",
      0.83740234375
    ],
    [
      958,
      "signboard",
      0.80419921875
    ]
  ],
  "(314, 'electric drill')": [
    [
      395,
      "drill",
      0.8779296875
    ],
    [
      1154,
      "electric receptacle",
      0.86474609375
    ],
    [
      845,
      "projectile weapon",
      0.8623046875
    ]
  ],
  "(326, 'noodles')": [
    [
      985,
      "soup",
      0.87841796875
    ],
    [
      576,
      "humous",
      0.8681640625
    ],
    [
      149,
      "bread",
      0.86083984375
    ]
  ],